<?xml version="1.0" encoding="UTF-8" standalone="yes"?>
<addon id="repository.zafk0.greekodi" name="greekodi" version="1.0" provider-name="Zafk0">
    <extension point="xbmc.addon.repository" name="Example Repository">
        <dir>
            <info compressed="false">https://raw.githubusercontent.com/Zafk0/greekodi/master/repo/zips/addons.xml</info>
            <checksum>https://raw.githubusercontent.com/Zafk0/greekodi/master/repo/zips/addons.xml.md5</checksum>
            <datadir zip="true">https://raw.githubusercontent.com/Zafk0/greekodi/master/repo/zips/</datadir>
        </dir>
    </extension>
    <extension point="xbmc.addon.metadata">
        <summary>Greekodi</summary>
        <description>Greek Things @ Kodi </description>
        <disclaimer></disclaimer>
        <platform>all</platform>
        <assets>
            <icon>icon.png</icon>
            <fanart>fanart.jpg</fanart>
        </assets>
    </extension>
</addon>
